Filter,Train_n,Test_n,Train_WR,Test_WR,Train_AvgProfit,Test_AvgProfit,Train_Improvement,Test_Improvement,Robust
ATR < 2.5,91,44,74.72527472527473,75.0,17.092307692307692,14.96568181818182,5.770796064400717,6.079228329809725,YES
ATR < 3.0,125,64,71.2,75.0,13.553279999999997,12.606562499999999,2.231768372093022,3.7201090116279047,YES
Session: Late_NY,83,48,71.08433734939759,75.0,17.262530120481927,14.089791666666668,5.941018492574951,5.203338178294574,YES
NOT Session: NY,200,132,67.0,71.96969696969697,12.304949999999998,11.632272727272728,0.9834383720930227,2.7458192389006335,YES
RSI < 30,46,15,65.21739130434783,80.0,15.606739130434779,14.588666666666667,4.285227502527803,5.702213178294572,YES
ADX > 35,113,68,70.79646017699115,70.58823529411765,14.200619469026547,9.893970588235293,2.8791078411195716,1.0075170998631986,YES
Asian Session,57,45,59.64912280701754,73.33333333333333,6.844035087719298,12.190444444444445,-4.477476540187677,3.303990956072351,NO
MACD < Signal,150,105,68.66666666666667,75.23809523809524,12.784333333333334,9.121904761904762,1.462821705426359,0.23545127353266793,YES
