,cluster_0_pnl,cluster_1_pnl,cluster_2_pnl,cluster_3_pnl
cluster_0_pnl,1.0,0.27649071010204657,0.03336194165583798,-0.11480607598417343
cluster_1_pnl,0.27649071010204657,1.0,-0.02735639635270838,0.03916122692963309
cluster_2_pnl,0.03336194165583798,-0.02735639635270838,1.0,0.06273873162519965
cluster_3_pnl,-0.11480607598417343,0.03916122692963309,0.06273873162519965,1.0
