,alpha,beta_mkt,beta_vol,beta_trend,r_squared,p_value_mkt,p_value_vol,p_value_trend,residual_std
cluster_0_pnl,17.71184531770689,11.405414699518328,0.879551203780528,-0.2881709748443525,0.17250885952970207,2.9021797030580193e-07,0.6213243390551472,0.2998026095951167,34.85184230997057
cluster_1_pnl,-1.383954372318038,1.237051241791913,-1.5249316468788194,0.4666167303565284,0.04021493535078424,0.4737162059836466,0.2902111364119626,0.03883426417524429,28.182904018766585
cluster_2_pnl,-14.035962642682353,1.7019286480841251,1.988882342678666,0.243092466654343,0.022337353363634294,0.27506489879524687,0.12695153896622233,0.2307963220960411,25.42457870054872
cluster_3_pnl,-11.440988997448509,4.393381022488501,0.3185541917622425,0.30038005228687725,0.12208928440739808,3.36936327219859e-05,0.7112659869445185,0.026256355500282026,16.847635823089917
