Strategy,C0 Weight,C1 Weight,C2 Weight,C3 Weight,Ann. Sharpe
Equal Weight,25.0,25.0,25.0,25.0,6.828927552142461
Sharpe-Based,43.22556194013135,40.46392643800379,8.293709326943494,8.016802294921375,7.1140445585507734
Inverse-Vol,16.798626489505985,22.354534791723523,25.039517288961193,35.80732142980928,6.262318841332349
Risk Parity,16.290825660434034,20.527792270633704,25.38141424792566,37.79996782100659,6.0973214643959075
Focus C0+C1,40.0,30.0,15.0,15.0,7.103249901592311
