Portfolio,C0_Weight,C1_Weight,C2_Weight,C3_Weight,Daily_Return,Daily_Vol,Daily_Sharpe,Ann_Sharpe
Equal Weight,25.0,25.0,25.0,25.0,6.660808383233533,15.483698467846187,0.43018200057728617,6.828927552142461
Max Sharpe,32.762025862713486,37.00377134500572,9.937262842540305,20.29693994974049,8.5846550795066,18.902548347266613,0.45415331953101323,7.209460443441086
Min Variance,10.42410768154724,16.04318899773597,23.5327033207168,50.0,4.03835495403901,12.879507267932006,0.31354887031229006,4.977434008269377
Risk Parity,16.29092531715182,20.527675102892488,25.381426234090743,37.799973345864956,5.176436094143981,13.47695945694374,0.38409524868585426,6.097323046705673
