,Trade Count,Win Rate (%),Avg Win,Avg Loss,Profit Factor,Max Win,Max Loss,Expectancy,Std Dev
Cluster 0,200.0,70.5,24.893404255319147,-20.196271186440676,2.945643599254771,99.36,-100.56,11.591950000000002,30.032642320000846
Cluster 1,93.0,76.34408602150538,28.7187323943662,-18.55227272727273,4.995785863040549,99.33,-60.55,17.536344086021508,29.62092110187993
Cluster 2,76.0,57.89473684210527,22.722045454545455,-21.916874999999997,1.4255140160264637,76.51,-100.41,3.926710526315791,31.03386513206319
Cluster 3,61.0,60.65573770491803,20.346216216216217,-23.960434782608697,1.366038215173565,39.28,-100.41,3.3068852459016393,28.68103772768015
